title,link,published,Sentiment
Wall Street Is Divided on a Rebound in Apple Stock (AAPL) - TipRanks,https://news.google.com/rss/articles/CBMikwFBVV95cUxQWHJlU2czWmwtcWN4MThEZV80TkRKUzNpd3RyRTlUYy12bVQwOFpmNlFrNjlIakhEWGF0Y1R6Z2xWbUV0TFdwRGxuaVd3QnFHTi0yRmFieGE4dXo1dEd4UFl3WGNhX3FXQWUtZmNzQWFIeFN2S0s5WTBYMzM4WG5XcGo2SWE1bzhFd1JWeThYY3ExZGs?oc=5,"Fri, 20 Jun 2025 08:59:04 GMT",-1
"Apple: Buying More As Fundamentals Deteriorate, Blue Chip Status Remains (Rating Upgrade) - Seeking Alpha",https://news.google.com/rss/articles/CBMirAFBVV95cUxQQUdMYWlmcWx3YU4yNFFoZ1dLUDY1X2Q1b3pMdktieEpyeDNiZU1vTkpWaFRFbk9QeDdaMDZlWHFNanA5ZlFBenJ4dmtXSTlpUEY5RHdaenU1aWUtVFVTS012WWZwVFZxb0NzcG1YZ1hxdVhhdXhWV2lFU1pOZHdKeElEbnZTTE12VmtubzFfZzNiQmQ4Wk54WElvRXN4NHdDUFFVMFd3ODVka2R6?oc=5,"Sat, 21 Jun 2025 14:30:00 GMT",-1
Apple Inc. (AAPL) Is a Trending Stock: Facts to Know Before Betting on It - Yahoo Finance,https://news.google.com/rss/articles/CBMigAFBVV95cUxOVnVWOFZWOVZ5RXZiNWs4SDE4MjRLRTRYZzRyR2NmUXZRSXBtZnUtc3JWUjcybHgtclA3RnlMMW1xZ1ZwYlVKTzRzeXAtNzlOMXc0dTl4dmNhbHJsRkdHUXJZZGlWQUdtYWZXMXJHSmRraGpTdC1wM25VNzYyQlNwRQ?oc=5,"Fri, 20 Jun 2025 13:00:02 GMT",-1
Should You Buy the Dip on Apple Stock This Year? - Yahoo Finance,https://news.google.com/rss/articles/CBMic0FVX3lxTE04OEhfNWJJb285WHEyWXk4SHA1M1AxaElBak9CM29OenlrY1N3YW5BQnFlY3BZa25oMW1vTjlNdnVMd0FCZUJRVU5UenU2aFNvUDNiMnVYWkxrWFB0X055cmVsS1YyXzdhbnNRamxUWDVybGM?oc=5,"Fri, 20 Jun 2025 08:55:00 GMT",-1
Apple (AAPL) Rises As Market Takes a Dip: Key Facts - Yahoo Finance,https://news.google.com/rss/articles/CBMigAFBVV95cUxNZHkxRVkxbWJFTVpONzNlTGFtdXBSZVNZcEVNMzlJTHQ0N0FfUy0zN0VYZWY1LTNzdi1iQ1ptNlVsVDQ4LTVuVkNkT3haVmplaTVDUTBwRGpJU1V6SFQ4Mzd0NlV5NVhKUWhFN3FPOGFoTzdPWGpVa25RWE5iLWNYcQ?oc=5,"Fri, 20 Jun 2025 21:45:03 GMT",1
Shareholders Hit Apple (AAPL) with Class Action Lawsuit Over AI Delays - TipRanks,https://news.google.com/rss/articles/CBMinwFBVV95cUxOZ1l5RG5pMXJEZnJVcjNhSm8tNGE5b0xIQU5iTlF5X3pqN2tTUWVRTC14VEpRLUxxS2QyQWhUM0xSWTE5VXFqVnRqQjJtZV9tQUxXWHBmdDBQWENkU1V6RnR3MTdFVEV4a2poNWtlZ0FZUmo2VTlsRXJZT1E1eUNSWnVKcXY5UjcxU1VUM21UbVFkekZxdHVIZy15c05DSDA?oc=5,"Fri, 20 Jun 2025 18:49:19 GMT",-1
Apple stock dropped as WWDC got going. Here's why. - Business Insider,https://news.google.com/rss/articles/CBMimAFBVV95cUxPa0tTekxmczhmekxPUml6Q1pQZlA4aDFfLVRVOHJyR1JqelkxWXFERjA2eG4wRHRNckYyZW9OZGcwY0VLd3RzY3l5WTJIZ2cydzQtNnVnOUNZU3pQREZKdW5Uc1dwRmtONWRnQzhUZVJLSWhJbzBKcHE1WTljZlJ4TmhPMUlUUUo2ejdhS0RjcWtxMTZQcXFjRQ?oc=5,"Mon, 09 Jun 2025 07:00:00 GMT",-1
"Goldman Sachs Recommends Buying Apple, Expects Stock to Climb - Yahoo Finance",https://news.google.com/rss/articles/CBMiiwFBVV95cUxQQm9fQU1oVEI4Nk5CckRocG43RUk2cFJOSzJLd3MxNWVyNWZEeWRueDZkek9MZEI3Q3ljZlVpa29kLUoxQnJFdGRSSlJNVFRsXzd6STBKVXVmNWItSzhVa2lQVGMyVXV5MzgtUUJSUlNSMzJKN2kya09sWVc5SUtJb21zUE5Fb0xTVzhR?oc=5,"Tue, 17 Jun 2025 04:32:21 GMT",-1
Apple Inc. (AAPL) Stock: Considers Perplexity AI Bid Amid Major Global Data Breach - CoinCentral,https://news.google.com/rss/articles/CBMipgFBVV95cUxOSXpvcUVxXzBULVlGNFM2R3RTWEJBUUFWOVM3V291cHBwdnRrY21sdEhVOExkQmtZS09VX0tLU2ZPZ1AzUWJNSFB6RC1fY3JzSVdtOS1SSWlKamlOcEhOZlZhalppT1Jsb2xxdmttWXg5ZkhBUlI5aGdpVWxNYkw2MWg4WGZvY21lcW0wYzkteGVia0FYNVpFRC1oNFNKSDhYQ3VkVnl3?oc=5,"Sun, 22 Jun 2025 18:16:27 GMT",-1
3 Reasons Why This Beaten-Down Growth Stock Could Trounce the S&P 500 in the Second Half of 2025 - The Motley Fool,https://news.google.com/rss/articles/CBMilwFBVV95cUxPT1dPMTE5QXpUa2xCckIwak1xZkpUQzhleGducGtsUFp4cWM4SjJqT0hyODJKSGgydG1hZVA0OGFGSXJabExGRHpwZlJsY3o2RWlsQmJwSVczS18wTV9TekQ1Z19CMXdYNjhJS0pVODE2Zm1lNV8yNTFvVzhIcmJET2xzZFdySTRnT3FJRWFKWENEcVBCMmtj?oc=5,"Sun, 15 Jun 2025 09:45:00 GMT",-1
Which AI Stocks Are Set to Soar in the Second Half? - The Globe and Mail,https://news.google.com/rss/articles/CBMi0gFBVV95cUxQVldMYWwzWG5pRGJOcTg4T3Y4anVqekJBZUdjU1VjRnZReG5lVlRITnNncllvOHNSRnFfcGRsOFBCLTNHUGx6U190ZlB3UXhRU1BKdV9JSWlhSGRialYtUjA2WjV1aFdOTlJhaDctMXRfYzRrYWcxOFVGenNrRlltVURCVHVEeUNkQl9lblRkNHhMR24tVGRkS1FLV2NQellyRDltb002RkpxY3dZX3NlTFpIWG11Y2hEVEx2NkNiLW1oTUc0dnJrV0tpNFVDb1hvSUE?oc=5,"Sun, 22 Jun 2025 22:33:34 GMT",-1
Apple (AAPL) Sees Mixed Options Sentiment Amid Stock Gains | AAPL Stock News - GuruFocus,https://news.google.com/rss/articles/CBMiwAFBVV95cUxQRlVLcGZyX1Z6Tmt3NV9XSGhDUG1JaUF1cUhZY0kxeEQ3eTF1WFEteUI2Rzh6V0NpRGNib0tzdEx1UzhpZFRpOV84LU94VmtMdjhwcE1UOEUzc29fSVZCbkRvTl9IV0NHeGxsUFFUREdrY2xHZGxtcGpXQ1VwekhGckxxYzJ6Yk5QMW9pa0MxS0lpQ0pHbWxFYlcxaXRvYlRYUTNNMTBjSFZpWDBTM1Z3V3JpV1dHZ3ZQY0pXXzZNTU0?oc=5,"Fri, 20 Jun 2025 18:30:20 GMT",-1
"Apple Stock Downgraded On Slowing Growth, AI Challenges - Investor's Business Daily",https://news.google.com/rss/articles/CBMimgFBVV95cUxNMl9XaXJzUndjbkVObW1fTHMzN09oMFM4Y2NXdl9mYklsS2k2cC1sY0VZRXVTVi1FMnNlem45Mk1LOHdmeW14N3RmX1JOYmRMOC1EcGF5Q1RfNnFHaHVwSlJ6ZmJibGNfZ1g0NmdGTWtVRHJfUnlQZGt6NW94Yk9vX2hIZlBvYnNWbWdJMWpxbjNrR0VuTmFMRWxR?oc=5,"Wed, 04 Jun 2025 07:00:00 GMT",-1
Wall Street Expert Calls For Another 50% Gain For Apple Stock - 24/7 Wall St.,https://news.google.com/rss/articles/CBMipwFBVV95cUxNYmQyYXBHMDJKNnV0ck5QckVzanN6UUZKVmZIWlh6SkF6YVo3cWFIQ3ZhcjVFUHAzZ1A0SnRWcmhDZDZ4VC1FaWZoVzdiT3NoU1dYNjFDNGhZb1FDd1lXalJ5ODBiUi1DdVI0eTZzcTNaOVllTmU2NUF3MzRfNWVEWFNRaGFyOU90VVJKVzFMbkFDNDJHOUU5QzNoRzgxUEs2bzBjeHpjcw?oc=5,"Sat, 21 Jun 2025 13:00:13 GMT",-1
"‘Keep the Faith,’ Says Top Investor About Apple Stock - TipRanks",https://news.google.com/rss/articles/CBMihwFBVV95cUxPbUk3cVc0VnpXYjFSOUdVVldYZ1VzZ3o4dVh3YzJHSlRnS1ZqbHJjb3pLQlNuV25GbVI1a0NNMTZZb2llblJKbUk0eG5RV0lBOXhuREtWUUNETDAzeXlQblNTblVaRG1TRWdrM1BvUEt4LXlDSEZqako3OTI2bml1YVgzZEtITFE?oc=5,"Thu, 19 Jun 2025 12:31:16 GMT",-1
Apple Stock Price Struggles To Rebound As Price Slips Toward $194 Support (Technical Analysis) - Seeking Alpha,https://news.google.com/rss/articles/CBMiswFBVV95cUxOLTZUTjdJVHl4VnhvWndoS01wY0xIYzh6Q3FJVjhoN2xvakg4OUJsN0FDcWlwblpwYzBuNHZYRlpWdzZVUk5SenJXZmxXM1gzYnQzUmFOeUZUem9TMDdrZHB1blowYzRLRXZVWWJ5X0d5ZEVVMWpLeVQ3WHlEc3ZlZGppeGlGNGZqNktUNVlVdENNQk5wa29QcDNyb1Q4OUROaGo5NjJrU3NQR3BvX052ZHdEbw?oc=5,"Fri, 20 Jun 2025 11:48:00 GMT",-1
"Here's How Many Shares of Apple Stock You Should Own to Get $1,000 in Yearly Dividends - The Motley Fool",https://news.google.com/rss/articles/CBMimAFBVV95cUxQbkkwVXRPTU9jLTJjaUdBTWR5TXloVGZVUlNxdlJXM2h6WlhiZTNtaUpsR0FkVm1CVnVVYTFqclVWVWZDR1BIZlNzX3UzVVFBdS1CMUhKZ204SmRBdFctRjBmMUs5Y3kxV2pHTWxaN19uUXg3RmdqRFdoc2cwX0JmZHE1WWNFbzQ2dGd4c0QwOGN1ajNjUWR3eQ?oc=5,"Sun, 15 Jun 2025 09:33:00 GMT",-1
"‘Recent Demand Has Been Driven by Fear,’ Says UBS about Apple Stock (AAPL) - TipRanks",https://news.google.com/rss/articles/CBMioAFBVV95cUxNYnlwakxYSlh5Q01OcFNiTFR0RTljMFVFZGZqNTF1UTh2Tkh5RkRTaG5kYzZOcmdpMFJfTDhuVFhldXFsWm16cERlVnhlNm5ROTEtbGRUbjV0YVVRRlR0MjBLTE04eG1KbU80REN5OGhqZmx5Q0NLeGlJbzNqdXNoZFNxdDlPQVpzampDNlNOV1l1VHdJYTk3WWRTUU9Qdmdw?oc=5,"Mon, 16 Jun 2025 16:49:11 GMT",-1
Best Stock to Buy Right Now: Amazon vs. Apple - The Motley Fool,https://news.google.com/rss/articles/CBMijwFBVV95cUxNQ3RNYklCOUptblh0S3hxY2RPbUtHS3YyTERDaEJsSFJfNHFxaE1JVm1MZkMyc1hRTnRGX2xEY0Q3ZHpNZXRKTlJRTzFIQ3VKemtTSFFIM3Qxa0ZMdlY3TEdVZUt6bjhrendtZXlDUTA2YkJFNU5PYURyNHFGWmJyNzdBT2RCQlYzcG9jN0ljQQ?oc=5,"Wed, 18 Jun 2025 08:46:00 GMT",-1
Apple (AAPL) Stock Holds Steady as Analysts Call WWDC25 a ‘Transition Year’ - Yahoo Finance,https://news.google.com/rss/articles/CBMigAFBVV95cUxOckJSZkZ3MWg1SUlVdHBZSWZIU2pWOGJoRFAzZlJmT0dKX1daUm5CeHRrT2thdzdHeTlxRTEwdUZpeGpENUY1OFZQay1kb1RUcUlLSkxrVHl0bDI3Mjh3NkRyY1F1OWNzbzVNY0ktMjlHM0ZQOUdzWmo2MDgwY2ItUA?oc=5,"Thu, 12 Jun 2025 07:00:00 GMT",1
Apple Just Snatched Back the Top Spot in China Smartphone Sales. Should You Buy AAPL Stock Here? - Yahoo Finance,https://news.google.com/rss/articles/CBMif0FVX3lxTFB0ZDVrTDdxcktGODVwMnRnaDV6ei1JNWV2WUtSc25qSGJTb2hsdEhYbi1TZkN1LU5WbzJqc3B5ZXo0Tm5SUlZUazRuSTBuSXJ3YkdwMmVwclhLY0hwNmRselZoRDkyVGlaQ09FUk9fVGhtR18zRy1EMXJpOXA3Rms?oc=5,"Wed, 18 Jun 2025 14:30:02 GMT",-1
"Buy, Sell or Hold the Apple Stock Post the WWDC25 Announcements? - Yahoo Finance",https://news.google.com/rss/articles/CBMie0FVX3lxTE5MVjVoalVzUGpwak50WjBVVC1JSE0zNWtIY3N3OGJ2eFlBWHFzUFRDRmdNWjNXYkh1OVFEQ2ZqdWhJUmt4a0J3MmRDQkp5UmNnUHNmOFU2NjRtV29XM0IydjRpMmhnOWwyQVRSWjRIOGdNbUVnZzlMY2JKTQ?oc=5,"Wed, 11 Jun 2025 07:00:00 GMT",-1
Is This the Real Reason Apple Is So Far Behind Its Rivals on Artificial Intelligence? - The Motley Fool,https://news.google.com/rss/articles/CBMimAFBVV95cUxQTWNoTUNxRy1rdkN3VXJGb1BsMFVHSWhEdjl6MnJvN2VxVW4xX0FhRDc1RnQxQmdqaU9Hb3ZCeF9xcE8xWmJzN0wxV19RZGpfX0hJUjFyMVVNSGpNc0IxVG9iVnFyMmNGQTh2U0hoUUtndTBsdlBkX3RkeTBVS05FVmZ2d1RrZmplbUxMWlNhTWx2SFlfUG9kTQ?oc=5,"Thu, 19 Jun 2025 08:50:00 GMT",-1
Apple: Quiet After WWDC (NASDAQ:AAPL) - Seeking Alpha,https://news.google.com/rss/articles/CBMicEFVX3lxTE1PdDI4Q0RxTmJOMENJT295MGRiWXdzWnI3T0lidG9sYjl2azFDUXJBdkJUeG40MEpFSXd6ckd2QVpzZjBZdDJscENvZVcycXRqWTktaXFQbFZydWJGb2Utajd5djlMSmpyY25XXzNlbTM?oc=5,"Wed, 18 Jun 2025 19:03:00 GMT",-1
Is Apple Stock In Trouble? - The Motley Fool,https://news.google.com/rss/articles/CBMid0FVX3lxTFBXOGZLUE5DZ1RQQnBpNEs5Z2dvZmNKSkxadDltTzMyME05a1R2WlVaM2VJRWF3RlNFR29uTG9OWXBhMGw1THpLVk5aMlg2czJWYTZDQUZZc0FDOVA0bVhOSFNrMmRmU0kxYUZ2Z0VuQnpWTlNFZXpj?oc=5,"Sat, 21 Jun 2025 08:35:00 GMT",-1
"‘It might be another Apple or Microsoft’: My wife invested $100K in one stock and it exploded 1,500%. Do we sell? - MarketWatch",https://news.google.com/rss/articles/CBMi4wFBVV95cUxQUjBuTTVYbHNNbndvd0RDZUZvZHpNN2VYTTNoN2wwSFlETUlzdFBkN2R3V2hmNGtRUkNYSWFRbmxoeU5YcFpCRmlad1VsTDFNWmxrOS1mLWhibmNzc3k2M3g4bEFrVXg2QkJ2TGxCeW9iU09mTWhQZ0NtUGJscFpSRFJ5eW9IYVI1TmdZVy1XYzFsVHBxOG9veDE1WHVjcUxJUGFpVWZYeWVUT3JUUy11Qmh0MjVHUEIyU19KV0tUb01JX3VVUEhVSnJ3SUI5di1SU3BZMHZ6UXVSMHhuREp6aDBpWQ?oc=5,"Mon, 09 Jun 2025 07:00:00 GMT",-1
Apple (AAPL) App Store Sees Growth in askROI Downloads | AAPL Stock News - GuruFocus,https://news.google.com/rss/articles/CBMirAFBVV95cUxOc2ZqRXBwdFNNaWxIUnRiTl9kWnFwUnpELVdaTC1RYWY3OFlqbzBPVGtPRFpieGI2eTZZX1NNUVlZdXAxdUNrUHdUeHg3Z0dhRUoyRkFVVHdmeW1QU2M1MkJ4VU5iS1dIWF96V2FHX0h4TTAzaFV1cXhHNjhNWmdqQ2g3emRFV3d1LTgzZzJPd2RYNk40S25OTGI3ZU9jcEJPZVQwcUhwUGNXcW1k?oc=5,"Wed, 18 Jun 2025 12:33:08 GMT",1
Apple has been the worst Big Tech stock lately. Here’s why investors are missing the big picture. - MarketWatch,https://news.google.com/rss/articles/CBMi0wFBVV95cUxPakd1SGZPLUlNQWlxZXFla2p1emhyNzgzUFB3VU92cGRjZHhxZjF0RnNSTFZBUlhnTk9jdkxlZ1FBS1B1NUpfS2xpRFVHQmZCMkszRDloeHlDdVotMzkzRTMySzhWclBkYU9jNXEwUU56QWpYeDdBdl9uTldDUFYyTV9RWm9hTXV0aWZZa3FjRWJ6LURNanRPZ2MxRW9vT1RvMGdXV294ekhxcmVlSThOcDdLOU1XZTBZUDF2LU9GcGxKeTFmMUJuRGtweUxFRi1ZN2tV?oc=5,"Sat, 24 May 2025 07:00:00 GMT",-1
Nvidia vs Microsoft Stock: Which Will Reach $4 Trillion First? - The Globe and Mail,https://news.google.com/rss/articles/CBMi4AFBVV95cUxORDllN25sZjRVeUVJeTZuTGR1ZmhfZ3U5VDBBYlNTVEtZX09hQy1RR2xQcExfYUNjZWZ1TXFkaENUTTdJZml4UXRlTDZ5MkxQQkxSX0xrV3hWOElRTnBiaW42ZjlPTkJXU0QyNWpLTjEwWG04SGtScm01ZDV4SGNYbms2M0QwUUh1NVUweTMxQUpqLXIwZWt4RU95d2NIWGlkVmhzdlo0a0Z1OWRQYzVSZnk0WXhkeExleGRQYmlRSzd1TVBDUzBYWjBQa3g1b09GQkRSdV8zWGVZMjVEZi16eg?oc=5,"Sun, 22 Jun 2025 07:57:00 GMT",-1
Apple (AAPL) Explores Possible Acquisition of PerplexityAI to Boost AI Expertise | AAPL Stock News - GuruFocus,https://news.google.com/rss/articles/CBMizwFBVV95cUxOM2VDbTU0NEJYOHNuTVRrRVJrRElWUGlxdG1Fbm9Tdk9JWFRha2dvT0tJNkZOakgxbFpsSGh3Tzd0bTBtQXpyS1JuVmFlb01kaEczaFFMMmJySXkyNWo2S19Db1ExZGIwNl9UR2ZqYThZNEI0RGluTlpvUHZTZllPY2E2cDc5UEhidE5KZUd5enE5emVjOXV2ZC0wN0ZkQzI3TUl1X2c3bGNielRyNzFMUDhmT0JmeEFLbFhPMV94YmpKSy1xVGZkVU50QWNsVWc?oc=5,"Fri, 20 Jun 2025 22:45:14 GMT",1
Famous Investor Suggests That Apple (AAPL) Is Not a Buy - Yahoo Finance,https://news.google.com/rss/articles/CBMiiAFBVV95cUxQcHA1b2hRRzVHVlpvQ0N3bmtHS1V6RVBvT0R4UllhcHc4Wm1IbGxYQjhHM3lYZ3U0ZXRrOU1adGV3cHphOGlHRl81eGpsSmxwaEhieDdRdFU3cWk2ejgxbkZiUWNUZDIxUE1nLVZnb241Mi11YWtVaElKdjEtWUtXLWZPNnFfRUhC?oc=5,"Tue, 27 May 2025 07:00:00 GMT",-1
"Apple Inc. (AAPL) Should Be Bought on Weakness, Veteran Investor Says - Yahoo Finance",https://news.google.com/rss/articles/CBMiggFBVV95cUxQLUZXc0YzOHF0V0Rha1QyT1pWWHQzTmNoUlQ4UVh2WnphM1JHVjZiUjJjY2tuVkdqWEt3YUl2bmhteVVyUF93ejlDYXc3MWxNUEkwNDByNEVMbmdTNHJMN29zcVBzT0FTVUlQeEtORnZ1YWdiNHpVRzVMWFJFNHVDbHlR?oc=5,"Wed, 28 May 2025 07:00:00 GMT",-1
Apple (AAPL) Faces a New Kind of Rival – And Wall Street Is Paying Attention - Yahoo Finance,https://news.google.com/rss/articles/CBMifkFVX3lxTE1wNEU3WG1iaVE5M2hQcEJrZVhzemdkck14MDZHWEQ4TldYcTUwZU16NDhoNjdKZ1BBSzlQekVYYTJkV2d4RExrX3NKd2gzVjFycGU5cEFKZFItRTlfSExRd3I3Yk8zTGozYlFqcjhYTktVV0Q5VDhiMnhOZGNuZw?oc=5,"Sat, 24 May 2025 07:00:00 GMT",-1
U.S. Appeals Court Overturns $300M Verdict Against Apple (AAPL) | AAPL Stock News - GuruFocus,https://news.google.com/rss/articles/CBMitAFBVV95cUxNdThyQ0F2QTNOdjZYOVlGWTBLOFpiVEZ4ZDNNcU5Hb29kS2N5Q0dFbjRVQTZRbDR5UnlEXzVDbkNmU2RmT1M3QVBaWnc2WUtSemdxRVd5UnduaE9tSDgtZXZqaTVaNTY0OVB1LXptUXl1R01ERU9XR2pwWGp0T3kwY2lIRDZaTndaRzF1MXBCa2FpMzVJNHVaU3F1MHdmSFM1cFpKbXc3WUh6aEpzd2d1MmxULUQ?oc=5,"Wed, 18 Jun 2025 10:15:20 GMT",-1
Should You Buy the Dip in Apple Stock? What Market Pros Have to Say. - Business Insider,https://news.google.com/rss/articles/CBMikAFBVV95cUxQMEI2ZWFNd3E5Y2cwYkhrSWt1ZzJ5TUJSVlRjT2o4VThNR3FtWjZBUTBYVkRzNmJBLVU5amN5VFFCcGZrZGpQNzdVMTlLWnZqaDhGZXlmbTRtT0VrZFE5cVBCTmFaZU9RU2JJVDFPVjJtUWpmWlB2TjNLRER6dXNERFFjMFY3Tnd5N3RQZWlxNno?oc=5,"Fri, 30 May 2025 07:00:00 GMT",-1
Is Apple Inc. (AAPL) A Stock That Should Double in 3 Years? - Yahoo Finance,https://news.google.com/rss/articles/CBMifkFVX3lxTFB0Q3I1ZWJUcHYtLVY3U2VNUm5weVg3SHViS0dXV0tlWXhjTTlQY2xDWHppd1J5N052akpHXzFkUmQxSmZwMWRkN1dzc1doanpSSnFJRXJXX1RfM2UybC0yMHM4cFdCb19LTUIzM0ptMlVSQTBWS0h3WjhlR2podw?oc=5,"Wed, 30 Apr 2025 07:00:00 GMT",-1
Apple (AAPL) Stock Surges Towards $200 Mark in Strong Rebound on Nasdaq - Daily Chhattisgarh News,https://news.google.com/rss/articles/CBMiswFBVV95cUxOUVFxSWc2eTZJYWt2N2VDU0ZWZ0hKeWppOXVhRWdNanJtMWtkaHJUcTlTbEppd192UXpONGdhdzhXRnBYckw3dTRleXIwYU5sU2V4aWJxc0NnZXdPMmZvNDUwTm1xaDZUMGt3Y0ZidTdkbEFDLXZfS0hWNTQ0U3hlODF1ZTMtcmEtZXctTHk5RlRjem9ycXRINjJFZ3FVMEhQdkE4REFpZkU5TGxTeG91WUdiRQ?oc=5,"Fri, 20 Jun 2025 13:50:24 GMT",1
Should You Buy or Sell Apple (AAPL) Stock After Trump's Manufacturing Ultimatum? - Money Morning,https://news.google.com/rss/articles/CBMiswFBVV95cUxNc0psSGxXU1laOFBaY2M5UzEyUFJGU2xkRjFObHZkSnJVa1pDSjV4UFZDLTZhYm1ja25TUzFpdHVQVmMxbXdxTGRvLWRMeDZtTlFuam5FWkJsS3RFSFhaZXVYZDlEeWFIZVE2eHpVSmcxWTEzMUZYMzBfX2p1NHdSTW9XYmxCcVBBeHhkNkhyVjl2MGlsbHB2bTMzZUxtQ3J4M0JONV9QV1YxNXdzenVaNlR2b9IBuAFBVV95cUxQaWZwdUkzVWNqcEpVaVhCYjdvd0xnTzUxbEVrRDNtMF8yazFfQ0VkcjZ6bGZvdVFwYlpuUWtwTXVnTUw4VGFCM3l1WDhzZ3FMN1RpVWdNZkhJZXhoSHZRdUVqVjN2aXFtUUVWajNac1ZBZ1lzN0VhZGZlRDV1Z2phMEdURlE2OE14WVkxRklkNUt1UmxhSl9XYThTZ0pCN0VBWnFvbndaLVhzQVMyVXhvZjllTV9IRldC?oc=5,"Tue, 27 May 2025 07:00:00 GMT",-1
Goldman Sachs Thinks You Should Buy Apple Stock Before June 9 - Barchart.com,https://news.google.com/rss/articles/CBMiqgFBVV95cUxQV204OTBnQlF1T2J3Q1YzM0p0eVpnX1MzLUFfcWdORnBYeEd6ZDNCNXZSbUFqWFowd1RueVh5Y1dMSURhaDF2VXhBcEFGcG1ZbkxBY1cwRThDNlBMVEQtblRqZTRCWGhuV1dqUlhIYkRJREtURWdSdm5hYjlwMFZrdERTakZDZ2xhcmlxdlUwdWkyZEtjdUlocS1BV0hQNjlUbllEMnROdjZVZw?oc=5,"Thu, 29 May 2025 07:00:00 GMT",-1
(AAPL) Trading Advice - news.stocktradersdaily.com,https://news.google.com/rss/articles/CBMimgFBVV95cUxOZExITW1FLTNIc1Vydk9xYUdLZENVNUowRmY3WXY3TDBHWVdfUXlWeGNmb3pZc0w4akpmX0JjRDBKOG85cElMZ0dPSWZBTGk2aGxvVVJYcDFxVmFqWjhZTWd6REpNSS1HV2pJQWlKYzZBRWV0NTNoVkFPcHplTnI3Q1hUN2Vtdl9MZHZwRXpiWlQ4T21mQWpKcDln?oc=5,"Thu, 19 Jun 2025 07:26:00 GMT",-1
Apple's CarPlay Ultra Gains Adoption: Buy or Hold the AAPL Stock? - Yahoo Finance,https://news.google.com/rss/articles/CBMiiAFBVV95cUxPdTYtQ2Zid2UwMnpCeUxON0VsWnZGUmpjamFTZGVjVDIzWHBPaXhXVE1GX0gyS1JVTGtjT1JDTGh0aU1FMXRsWXUyQmdGTmQyeDRpQ0tRRzZ0SjhUbU5NYWdtV01PcVdLbUdTQTJNUUtCQUhhLVdrSkhWdUJiX2dJdFZmeTE0ZVJ6?oc=5,"Tue, 20 May 2025 07:00:00 GMT",-1
Apple Stock's Rebound May Be A Trap (NASDAQ:AAPL) - Seeking Alpha,https://news.google.com/rss/articles/CBMif0FVX3lxTFBEOWJybTRnUXJsenZkWjlZSW9GYTI0QWVhRnk0SkJBTF9KeE1aY2V5bXI1Q1VQdDVtN2pwQm1Td2R6ODJ6NkVPbFMtVUhIcEhMSWpreThYWXpiRFRTOVVSS0Y1ODB2b0JLUmdpR21YSXlUNEwxVFl1Y0V3Vmdwcjg?oc=5,"Tue, 03 Jun 2025 07:00:00 GMT",-1
Apple (AAPL) Scrambles to Regain Chinese Market Share as Trade War Intensifies - Yahoo Finance,https://news.google.com/rss/articles/CBMiiAFBVV95cUxQZEdPYVo5N1lZMlFUeXBNZG90S0hoZUJSWWQ3azVfMDhfZXpXUWZoTFFTZkdfc2dwQnEzTXNjUE8xSldRXzZILVVZVHJkQi1uRzV6RUNtWFpvbkJSZGMtVzBOOUY1Tkk4ekJkYkdVajNmb21nbEJlNU5PekxTb1NtZEJTZTZGNFQ5?oc=5,"Sat, 10 May 2025 07:00:00 GMT",-1
Should You Buy AAPL Stock As Apple Cooks Up AI Glasses? - Barchart.com,https://news.google.com/rss/articles/CBMioAFBVV95cUxQWDJobi11bTFGZWFsUzcySHFfNXBxRzNVVGpXR0hLNnlqWGwycHJpdHRaWDFOU2FTYlZaek81QnJlbkRzUzhYb3djQWlzWVF2NXdyNmFVN3V5RkU1NkwtOEVTMThPT2hCWHlUWHZzc1E3QlNqRHRHWnlKZmZxSi1EZ2hmMmJST2hrbHp4UWxFaGpjQXl0d3dKVnQ3WVU4NFNa?oc=5,"Thu, 29 May 2025 07:00:00 GMT",-1
Apple (AAPL) Stock Moves -1.94%: What You Should Know - Nasdaq,https://news.google.com/rss/articles/CBMihgFBVV95cUxPbkVMY3dLZ2FBQVJCUUdvRVBLNWt2eEJwLTI5WXItNExVRzN6Q29raDFqb1JVSm5lSHhPeUN6WDFNNXVYNFR0cjYzZ0luZm1uMUdyWVc3LVFVSGxJSnZZNGZ4WkNJUDYyT0dBb29lUHgwMFlKcV9sblpqbjl4azRDd2dLXzVMQQ?oc=5,"Mon, 21 Apr 2025 07:00:00 GMT",-1
Apple Inc. (AAPL) Is a Trending Stock: Facts to Know Before Betting on It - Nasdaq,https://news.google.com/rss/articles/CBMijgFBVV95cUxQTEs4b0lTUHUySzdhaDhKOWJhQWRmVi1oUUpOOGNUVXptLW9jdUN4U3JjX2g3RWVpTkJFNVdoc0tZQnpEOV8tbjNvS2pLcjc3M3hUYk9HLXkxcm9hNzVRNW5jZTk1bDRINkJjXzlNbDgzcEMwTzdka3FMUFNsMHBpRHQ0Ylh6NDZQWHZabVNB?oc=5,"Fri, 16 May 2025 07:00:00 GMT",-1
Apple Stock (AAPL) in Spotlight as Wall Street Analysts Weigh In After WWDC - TipRanks,https://news.google.com/rss/articles/CBMipgFBVV95cUxONXZHMFVTX3B2RHdsQnNuYTNodE5JM3pGZk05cXdBYzJwRnIyOVhUYUk3NVZXM1ItZ1ZHbEFEeWtRcnlWeGsxRWlDa2lyVVRzWG9xakJzMW9aR0h2dUNFZkUxa29xcnJaYTZROHM0SVFxbEZtYzFrNUc0M0p0ZjlramhhU3FSR0ZVbGVfZlRRc0J6V2FtWGgzS2kyOHplZ0I5MzBZeHJ3?oc=5,"Tue, 10 Jun 2025 07:00:00 GMT",1
Apple Shares Face More Pain as Trump’s Tariff Threat Looms - Bloomberg,https://news.google.com/rss/articles/CBMivAFBVV95cUxQa3RQWlNFN0MycmVfendGeW5DVUR0UnBBVTlvbG9BNFhQWldzblJKV0xFM0IycU9hUmhubGlvMGZkSURibGJnT1VKQW84UV9CTTFucFliVW1UZFpnYmQ5TWtvSktDX0U3bmpUNUU4R3pmYjRvbVZRUDFxY092MVBKVE01LVVqUkpfVTJLNnRVam5QQ21CNXkxQzBIRWNXNTBVODlWSkpqWlJtYUx2YkNQcGJZaVdrNWpJYzBubA?oc=5,"Tue, 27 May 2025 07:00:00 GMT",-1
Is Apple Inc. (AAPL) the Best Safe Stock to Buy According to Hedge Funds? - Yahoo Finance,https://news.google.com/rss/articles/CBMiekFVX3lxTFBDcmJ2cEt1b3UwalVDSG9pUnNnZ2p3dG5wUlhNbGROT2tyOXhzZTRVR0xzd052Sk5KTXhOZi12RlJRREY4cDhEMUZzajhOMkFnSDVCTTdRTFZsTkl1cURJSmY3LVFjWktSY1ZKMEFCdkUwNGJiZjlZVnZn?oc=5,"Fri, 25 Apr 2025 07:00:00 GMT",1
Analysts: 1 Thing Apple Could Do To Make AAPL Stock A Buy Again Now - Barchart.com,https://news.google.com/rss/articles/CBMisAFBVV95cUxQaEctNF96dkJiQTQ0NElwV2VzVFV6QkJxdkNzUHc4S2tUVTRVRy01QURTRFEyT3dvaW9MN1FJLWFmLWdkNk9FQkNIM2o2R0VGVEltQkIzOUpXNUZvQV9tekRrWTJrZUR1dW9PWEFONUhfN2FuRllELWFpRVdUdUl5Skw2RW9UMlhXUWYwbU5rV2c2WnJYNjEzam9UV2JKbGdGQXV4Q0xoMlBOQ25QVXBQUw?oc=5,"Mon, 09 Jun 2025 07:00:00 GMT",-1
Apple (AAPL) Earnings Preview: Can the Stock Rebound? - tastylive,https://news.google.com/rss/articles/CBMiiAFBVV95cUxQWWtBbjQ1d2RPNWxHNllPTHFGYThKWkhtUzAzZTNqZTcyT0NoRm1LMWFNYkZuWTFuMGdranJyWk9tWndtNThiNE10ZHFVVl94aFU1ZGhOZWo4X2N5MVdfN2p0TGxDZ3piMG1KS3hud3JMRTg4Vy1FWGJJUVpzdm1IVFRsLTZ1SlQy?oc=5,"Tue, 29 Apr 2025 07:00:00 GMT",-1
Is Apple Inc. (AAPL) the Best Beginner Stock? - Yahoo Finance,https://news.google.com/rss/articles/CBMif0FVX3lxTE9VaHhIQ01YV2g1WGFSdDgwaElxd2RmRHY0T0JSQU10OGw4SzVSWWZLRjdNT0UxcndsTWs2ak95VDJyUTNIRW1MRjl6WEh2UFp3UVVFUnB5Rl9WUFhfelZSRTFVOV9vTUlKUGJZNGpNaUE2d2d5ZXZkdnRoOFhoaWM?oc=5,"Sun, 06 Apr 2025 07:00:00 GMT",1
Best Stock to Buy Right Now: Apple vs. Chipotle - The Motley Fool,https://news.google.com/rss/articles/CBMikgFBVV95cUxPaGlWSXIzVDMtcFBxZGRkSmszd3VzeGs1Nkp6WTFQWXdTa0ZpMjRYWGxzZE9qOFZvMlpLeVRfUzlEdmMxalA0a2pnUzNDTGdjeUdYRkJCNTU4Q0dhYm5EUENMNVBEb0ZYSHpkZGJlZGxPWU9qWG5sS1FnZFBuQXJNZm1ENEJXOHV2Z2VLVEstbXp6UQ?oc=5,"Sat, 31 May 2025 07:00:00 GMT",-1
Apple: Double-Down When The Market Gets Silly - Seeking Alpha,https://news.google.com/rss/articles/CBMijgFBVV95cUxPeGJuNFhGUGRKVzZRRWp2M3FtTlFkNG8yT3NhWEhqMllOMXozdmM3ZkR2QW5Vc3N0UHA5QTNUN3dJdURxLWtvTDJ2dEFXMEF1Q3c3eFNMSVN6QjJONFdwd0hmV2pLM1lTOHJLNzBROUJmd1RTUFZxTDM5b3A2ek1UcC1iUnlOaXMzNnZjQ0VB?oc=5,"Fri, 30 May 2025 07:00:00 GMT",-1
Evaluating Apple After WWDC 2025: Why It’s Getting Tough to Make a ‘Buy’ Case for AAPL Stock - Barchart.com,https://news.google.com/rss/articles/CBMizgFBVV95cUxQZ1dlb2RRSmtGSXBjT0swcVpmeDRhTmNhYnZEN3ZKWTh4QThLRzd0UVdxNnlaSm8yQjZxQmRzenNyb0ZPanRWQjEyR3pPSjhyb25OMHdyaVU3YWdVV2ZBQ0F3bjlmZll2cHBzcEplSDh1LWVCWExsWVRVT0pidWVCS0I4dlRINzZLVDZ3SzhyZzVyUUlpRFMzSFJtMFJZa0tPOUZmTWZRbDhjMTVjdHhZNmF2WmhUT1FpNHJhbWl0bmNHeXRHdHZnQkNrdS1sUQ?oc=5,"Mon, 16 Jun 2025 15:27:08 GMT",-1
This Stock is the Apple of Warren Buffett's Eye - ETF Trends,https://news.google.com/rss/articles/CBMihwFBVV95cUxOdVhMaThFdkRtaFJlYTZraVhnNEN3YWNVWDVMUndxaTJUSnVoUm1vRm92bjladDRyX3dleWJpOWg5NDJnTWE3NjBxLWNrY1VhWXU5bnhkbmFuYnJidTRGalFIWEFtaWRkUy1tYVQ4dmhpdVNwRWxScExmNThlNmI1Wndqd1gxVEHSAZIBQVVfeXFMUFpJYWxtM2o4azRFWU5OUFBqUTNyVy1QNmVub19sdGVGTlBrV1VLQWdvM3F0eVNQa2M2TzhCUnN0YTBwNUtEWWdIaldBTE1mWW85aDIyWkdZT3VWQjFXdlNKZGhsaHE1bVVYY19oUTlSNkp1b0pYeG1NWk1Vb2VtTTV0Y28yZUI3TDh6V2xjZmE4SkE?oc=5,"Tue, 27 May 2025 07:00:00 GMT",1
Is Apple Inc. (AAPL) the Most Profitable Blue Chip Stock to Buy Now? - Yahoo Finance,https://news.google.com/rss/articles/CBMiggFBVV95cUxQX1VhdXh3Y3IyaUxpVXBiUXFVUFJfUXVIYWhWYTlQOFhKVzFZWC1yeHl4Y25HbVBpN1p4dExGSld0aGtoejRRWFh0UnpxZGRaWWlNdUFBbnVRcXYtWnl6R0I2N0lhWFljYzl3cFlwZmZEMzV3Nm1IVlRMYWt4cy1GTDhR?oc=5,"Sun, 27 Apr 2025 07:00:00 GMT",1
"Going Into Earnings, Is Apple Stock a Buy, a Sell, or Fairly Valued? - Morningstar",https://news.google.com/rss/articles/CBMingFBVV95cUxQR0tXeW9Wa1d1OHJ1YVp5UGhSMV92dTUwQ0lGX1pabjRHZWNCVC10Q1NMakkzVS02eXhjempZZWFQS1dwMnJHUnlFcFFUZHU5MHh1dFpkVFEtWXRFQWcxX1FJamNrdkdkS19Gd1ZzWGg4WERsZW9xUnhmRXlSRl9Hd19yXzJCa2JSMXBOZ0lvck9vLVgxTjdnVWhQZV9WZw?oc=5,"Fri, 25 Apr 2025 07:00:00 GMT",-1
Apple (AAPL) Trails the ‘Magnificent Seven’ — Let’s Look at Who Owns the Stock - TipRanks,https://news.google.com/rss/articles/CBMiowFBVV95cUxNcGM3UFF2SWEtWHhaOXFId1M2dzBENGFLbnBwSmlIY3BfQy1fcjBXMWRPcDJhX0p6MjNzZEVxY3YzdkxyNVB2VlFmRjlDQ190SjdKTGlCclNGUXpvMDU2aU1HZ19vbmZ3OHRTNmRhMGFBVHU4U1A2dUpUOUtRRDg0MU1ETVhaNkRndmlYeFYydHlzQVBRYTlPODZBaGtteUN6VWZz?oc=5,"Thu, 29 May 2025 07:00:00 GMT",1
Apple: WWDC 2025 Was A Major Point Of Failure - Seeking Alpha,https://news.google.com/rss/articles/CBMijgFBVV95cUxQN3EzNi1XaFl0WkJUQzZZZDZDS1h2V2pXME9LeDZwTlJvMW9sMjV1N1NJdzJMTy1TVDMyX3pWdlQyek5Ba0w0VFYxNVZuaU1Hd1pLd3dkQUJNTzVnT0xqUmppd3FpUFE2amNqS1pBb3hiQnhVYnhfYzkxeVN3aUVNMGh3b09kMU1fbHppSDln?oc=5,"Sun, 15 Jun 2025 03:29:00 GMT",-1
AAPL Unleashes Investor Charm Offensive via $100Bn Stock Buyback Plan - TipRanks,https://news.google.com/rss/articles/CBMiqgFBVV95cUxNcDlZY0dTQ3VZUmR3NWI5TTdwcEVmakNyMk1PZjBLelllYmNvckdfN1JuSmhwRkc4SUZBXzdTT2NDbFY5Nkhfb1pDak9FdG5QaHFCWkVBV25WNFNnREFXZlNLSUoxNmgyQWp5dFN0Z2NJZ1dEdjRjbVBuRENkYzNhX04yZGc3NFBEdVpEeWJiQmtRTEhOdWZTYkVkQVlhWkpuMkg3b2cydjZEUQ?oc=5,"Tue, 06 May 2025 07:00:00 GMT",-1
Apple’s AI Stumble: Why AAPL Stock Is the Weakest Link in Tech’s 2025 Rebound - TipRanks,https://news.google.com/rss/articles/CBMipwFBVV95cUxPVS1oc2hkbDdQMXQyZEsxTnpwV29oSE9JRHA1TWhtak9GcTJvd3N0MW9weVg2WWt0UVo3dW04N2hzQ19CLUx1WkYxNnZSX0ZQOERDSzc2QkhaQ196UG1nUUZnXzJWXzI2SW1xTm52WmhwNWVBQzV6Vjl1ZXFkWTBiS3ctMV9jZWswS2MwbUE4SWk5MUFJbkdDU3BNcWk0bk9TX0xZcThfbw?oc=5,"Wed, 04 Jun 2025 13:44:07 GMT",-1
Apple Stock (AAPL) Won’t Be Saved by iPhones from India - TipRanks,https://news.google.com/rss/articles/CBMiigFBVV95cUxNeTJJQnVpSFJEakpWVmlBdW1wQTZWOTZoeGZJR25aOU4xUG0xMWNNMEVYWUZ0ZTBxNGRHTzJ4eWh6N3dIc2xqNVlGWDg1eEg0U3U2dFJTdDhfdFBoclFWZzZLRnlQejhidFRLSHAtdUx3V09MRURJSk5zRHdobV9RQ1ZtVkliVmUxRUE?oc=5,"Tue, 27 May 2025 07:00:00 GMT",-1
AAPL Quantitative Stock Analysis - Nasdaq,https://news.google.com/rss/articles/CBMidkFVX3lxTE1URE1kWXQycTRId05ENHJ2ZklKVG95TGNUcHFOaEpzSnM4bm1ucl9HT2hoNVFhZEtvLTRyR2FwR3htUlBDdTRWbVA1NC1IanpycllaNk1kRjdlejNpUW9qT1ByblFuUEx2MTl0QVE0bkJzQkV3cmc?oc=5,"Tue, 22 Apr 2025 07:00:00 GMT",-1
"‘Tariff Threat Overblown,’ Say Top Analysts as Apple (AAPL) Stock Falls Over 3% - TipRanks",https://news.google.com/rss/articles/CBMipgFBVV95cUxNYWZxSHRYOVM5cjNTOHpDSHp0MElJOWEwVjBOTUJVaUxza1RkRFJaZmo1ejk0T3lqVzdfZDRwTUpHN2Z0SnlSdzJXZHJTX0hNM1FqV0RDMDR0c2pIRjFJd3lFZkhka3dMMEdOYjlaZXN5NjdrZ2NMLXlUT2Q3RHN5aTdvWE9oQXRRS1M3QkJhZmV1cU9GTFlkbU9JcWQ1b3BUbkpOa1RB?oc=5,"Sun, 25 May 2025 07:00:00 GMT",-1
How Stock Options Traders See Apple’s (AAPL) Death Cross - Yahoo Finance,https://news.google.com/rss/articles/CBMigwFBVV95cUxPcklaY0xzRlE4RFgxRnROQ3piWkwtUVFwdVY0UWVkdk9mNVlkLU1ia3hSRGpWaUdGU2k3TUsyelBHV3NodFNGUnpPdkhiYWtyeE5FMUxLU0tBb1I4ekk2dTlQcjJIWWtPaXRwNk80N2tmWHdDQmlLeldPME5kYkE0U1Q5aw?oc=5,"Tue, 08 Apr 2025 07:00:00 GMT",-1
Why Wall Street downgrades of Apple stock are about to pile up - MarketWatch,https://news.google.com/rss/articles/CBMiqAFBVV95cUxQS1cxRUxmWWxRVTJ4eUtsdk0yNWF6cEVld0x2R3puUF94NjdZTmxteTN4a0M0bjY1N1JvYU9RcUtQSl9NWDVkSWJ4YUtudm9TX21fNE5TUFZZVE14TVJlc1FGZEJVT0NkUGU0MDNZVFdsQU84VGsxc08tcTdibVAxT3BTbjhPM1B0WnZvdTFLaWZkd280MlVwbi1uWVRWMkppZmNZRksyWFI?oc=5,"Thu, 29 May 2025 07:00:00 GMT",-1
Apple Stock (AAPL) Comes Out Swinging to Defy New Huawei Smartphone Challenge - TipRanks,https://news.google.com/rss/articles/CBMiqAFBVV95cUxNSzlEWWhEZWJieVVmelVDYnJRUzhHaGZwVFpTUl8yQjRtemR5cVloRTZGM3RZQUNZd21aQm5xMi0wd05LaEkzZG5IdTg1bWxGUFJRdDN4WU1ZN1F6dVczUG5uckdpOUxWb0pYNXl2cGl2eUN2cnFPNTd0azNoSm54VTJ5dzB0ZktTanJrZGhnQ2duRkJfdkxlemNMREhxNmppelBtb3BZX1M?oc=5,"Wed, 11 Jun 2025 13:28:04 GMT",1
AAPL: Apple Stock Jumps as Traders Anticipate Tariff Reprieve for iPhone Maker - TradingView,https://news.google.com/rss/articles/CBMi1gFBVV95cUxQS0FFVTlQckRWLU5pLUZmTURGWmJ5UE5kWHNHS1NGbDRMdi04ZGk2YXZFd1RuLWpjNGRYcHl2M2F1bmh5Tkg3S0hLaDRSOVRoN0VVNk5OcmdfSVZkaU9yMGxyLW1mdzBzMnlmR1haR0RUMzR6ODV5WllSbk5LNllISTJjMHZlUnFENXlobEZZd0NXVW1qZlhEbWlrTklSRlNyV3FMT1N5Q2ZUUmQxNDZJWExQYzJSNjhqekg1czlpV2ZHOC1KM2w5ekoxc3UtRS1ySDd6aHNB?oc=5,"Tue, 27 May 2025 07:00:00 GMT",-1
Is Apple Inc. (AAPL) Best Stock to Buy for the Next 3 Months? - Yahoo Finance,https://news.google.com/rss/articles/CBMie0FVX3lxTE1kbFRISER0cnprdGpveVJBUm5QTXczaFlxYjh2UHZIdVZQeHhfYU5qMjZCeW5VV0JMWVF6SWhGZXZtVlpRWDBuSURrcVZ2NnpRSEFoNHNlS1AwckliTi1famVPN3FGVTUzRk4wOUhBOGNfbEdUM01yT1RfQQ?oc=5,"Sun, 30 Mar 2025 07:00:00 GMT",-1
Is Apple Inc. (AAPL) the Best Augmented Reality Stock to Buy According to Hedge Funds? - Yahoo Finance,https://news.google.com/rss/articles/CBMigAFBVV95cUxPRF84UGVubFJodFJhVjF4NV9laXkzaGpYcHJ4MncxWVNtSV9ybzFaLVp1aVFmcE5ZUXBTWktFZXZCOWR3WF9HRnpvbXBWR1ZCZDlKZDYyQktqMjRQMVZQc0J5SXFVeWoxdnhVMC1mX1VfWVVDYjhkd3B1cUtuZFJ6TQ?oc=5,"Wed, 30 Apr 2025 07:00:00 GMT",1
Is Apple Inc. (AAPL) the Best Stock to Buy and Hold for 20 Years? - Yahoo Finance,https://news.google.com/rss/articles/CBMie0FVX3lxTFBNd2NpU3pkamdFVm1kMURMNV9meGxXbmFSX1phTHV2Qk5sbVA1RFJLRXJjZHBOVW9tU2g3eFBySXI5cFo1dVBvMUlPMGtOSGdKcm5UNHZHRlVfSDJzTkhUS2lHaEVVTnM4c05qYkYwUWhHZnYxN2wzTm5IZw?oc=5,"Wed, 23 Apr 2025 07:00:00 GMT",1
Why Is Everyone Talking About Apple Stock? - Nasdaq,https://news.google.com/rss/articles/CBMiekFVX3lxTE5UM1o0dFo1SmZmMnB3US1aNlB1Z1RKamh0SzFzZUlXbERRUElXVkRYeS1oQjBxV1RkMG91dFVfY3V4ZW9ZNHRIUmp5eTA5VDB2STJaRjRaUHpjT2J2cnhGNXcwcmRnd2JrcTNPNW56VTlNN1JwT3lrNjVR?oc=5,"Fri, 16 May 2025 07:00:00 GMT",-1
Is Apple Inc. (NASDAQ:AAPL) the Best NASDAQ Stock to Buy So Far in 2025? - Yahoo Finance,https://news.google.com/rss/articles/CBMifEFVX3lxTE5vdWJabExGZzBhRkExeHJWQ2JTM2wzbEtVTk8xbVIxSkM2Ri11N0tXZUoxWHZXSXJrNVdqV2tJU3BHMUxKeFNhNVFzUzhGamxRd19qTk4zMGdJLTM5eTg2bC0zRG8xU0pULTRwbTl6bXlFc19hNzcyTUVhejk?oc=5,"Wed, 16 Apr 2025 07:00:00 GMT",1
"Warren Buffett Holds Apple Stock Despite Tariffs and Buys a Restaurant Stock Up 4,500% in 15 Years - Nasdaq",https://news.google.com/rss/articles/CBMivAFBVV95cUxPNTgwV2o4MnE1U3huV2hWTGVHbEZhTTd3V0hnbUx3ZGJPQ01nQ1Z0OEtKMUhhUi1WbWZyc0dDSUtwYzZNT2lxbGRLelpuUFUtVzRhLUJ2Qm1EZFZMUGJiSmVQSVA0S243X2xiQnBWeGxhZVZpNlZnY1BPU2x5TWlBTDZuNU1PNEszR25rUi02VGJaMmVBLW5BcmhsVkhHUVJ5YzdXVHpwLWV0b1J4a05xamprNmNwR0loUTh5RA?oc=5,"Sat, 31 May 2025 07:00:00 GMT",1
Apple (AAPL) Flashing Warning Signs as Peter Brandt Sounds the Alarm - The Tradable,https://news.google.com/rss/articles/CBMiogFBVV95cUxQbk5BWjVoYkZNYWE4dEJydEozN3ByOWpjT2U3ekJsTEd5WUIwVFhjWDd3VlA3NnZXeklKd2FwT0RvbHRkXzVuSDhxUWI3VFl5MlFKcDdCQXZzcUYtSGZ3UEFKd1VQY0k2QnlNVlIwZVpaanlPNjJRNFJiWmUwbW5YT29hZ29UM05MRTMtaFZYU1NRYVdwT3pqVGpmangwTktTR0E?oc=5,"Fri, 20 Jun 2025 17:52:50 GMT",-1
Should You Buy or Sell Apple (AAPL) Stock After the Recent US-China Deal? - Money Morning,https://news.google.com/rss/articles/CBMiqwFBVV95cUxOU1RSTUNYZTQzRFQ4UnRXelE2Z1pzWnY1NjFjTmFCRXNCRXBlbktLQXc2VDVQNmdXelBZZE12cW1QQ3NaeVFVTGs1Tm1wOUUwMEEySnBVUEYtS19Pc3VxWmFNV1pXMzVNdDRjWkhNLWR1NzUtTHU4V1huaGV0SFBZOTFlcW4tNnB6dmRtX2Q0dVIxQ3B3ZnRHYmg5X3VXVnVnZmtubXVQazVXLUnSAbABQVVfeXFMT3ZMN1BOd0NQZmVIYnR5ZFhUVDl5XzJUZUV6dEk5TVp1ZW44N3JIaEZtRDVheU44SmNsRjFUd2xtU3A3c0Z1MkxRdFpqbzhEdk5lYlN4LXZPVWJlTXZsYnNoYUpLcldCZVdsWlI0bjcwaFdMNF9iOTdpcVpadjdKSXFYZ2V6LWdjNENkbUlEYmZRS2x5bXlzVVFQaks1Qm9HazdBcE1FWlRDWHZ6NnBBOC0?oc=5,"Mon, 12 May 2025 07:00:00 GMT",-1
Apple Inc. (AAPL): Among Billionaire Bruce Berkowitz’s Stock Picks with Highest Upside Potential - Yahoo Finance,https://news.google.com/rss/articles/CBMihAFBVV95cUxQbVBmcF8zN1d5NlpBNDMtTXZ2T0lDdVp0UndLcGN6ejBpcWFIOVZwaGlqdHdpMFRMRmNVbFlXYmxTbjZNYmI1VDBqRG5nZXU4cnNyYklCMndYbU5lenpaVTlmeU1TUldUOUpMemVkYWoxd012bFdWUW9pVGhINlNlZGxXeXM?oc=5,"Fri, 09 May 2025 07:00:00 GMT",1
Expectations For Apple's WWDC Couldn't Be Lower - Investor's Business Daily,https://news.google.com/rss/articles/CBMiiAFBVV95cUxOdV9KNWhNaWJYcDd1elJ0bkRzTEphc3FrRWMtZXhGa0FVVDRNcGNNdlc4cm9NclkzS1hiWWZNeDF6cEdxZ3pzRmdNSHJLOUdjU2RKMlJ0TFd1OHlHVzFyOXZKX3lfTGVVeFhjTWV1Rlp5RUtjVVRRZWxjSXUwZk1OQUdXbGdvWXRV?oc=5,"Tue, 27 May 2025 07:00:00 GMT",1
"Apple Stock Rises On Tariff Relief, But Services Challenges Remain - Investor's Business Daily",https://news.google.com/rss/articles/CBMikgFBVV95cUxQNmw4OElNbWVrSTVaQUlTMkh6RFlYV05sYm9qeWNDSl9LV2dIeVRSQUcwa0NPem8zOVA3d2dSVjZjZG5NM21taFlTUnd4ZkhEWWdqY1htcWFoM1c4ZWZvUm9SM0wtOU9RWkRSbHc0TlRrdFVFam9Ta2VhZG1aWTktUUlBQU1iN0J6UGNIUUg0VWFsZw?oc=5,"Mon, 12 May 2025 07:00:00 GMT",-1
"Apple's Biggest Design Overhaul Ever: New Liquid Glass Transform iOS, macOS, and All Platforms - Stock Titan",https://news.google.com/rss/articles/CBMirgFBVV95cUxNMU9xeG9tUEFCMXBTZW9yLTBNZjFaVTVoUzlRY2RRaVZZSFpDSHNxbGFkMXo5YjBtYWR4S21tWmVJaUt4TEpxTWQxRzFZYU1MbnAtRHZtUElULXlvekF5dUNIOFlhc2l1V0w3ZVduc0FwRVB3bm5oMWZQbHBQVmU5Zzl5RWpaX1BlVTNBR2ZmcGRtWDN4NkhBS3FKRG1oMGtjdTBYLWsweEZoYVlPdHc?oc=5,"Mon, 09 Jun 2025 07:00:00 GMT",-1
"'Little, little screws' one of many hurdles to US-made iPhones - Reuters",https://news.google.com/rss/articles/CBMinwFBVV95cUxQTkdPV21uQTVUZFhPSl9YcUJlaUttVzY4djI4NFZiSTVCZ2UtdVBxQ2hILU9NVGhuWEVrTlZlNUVfTjhwSUYyaGJ2RjdqSkxaMjNrWk1HeFNwanZLdGFjNU4wQ2FnbGsyWGNnc1hIdjY0MHZYTzFLWE1mdjJRNEVUYTFHWU9GQjJmQllNUnNNbUliTjR3dWpqZmdtTi1YS1U?oc=5,"Sat, 24 May 2025 07:00:00 GMT",-1
Apple Stock Is On An 8-Day Losing Streak As Trump Trade Fracas Intensifies—Watch These Levels - Investopedia,https://news.google.com/rss/articles/CBMirAFBVV95cUxORlJXb2lIRkZBc09qTm9CZ1RHZnJGZkNSeGMxZGd2VldFVDFnZExsLW53Z0pTaDRKekt0VGZfVncxU3hfNDI1TmJxSnFKTURQMmFXV19xMXpLWUsxYm1Ybmo0YnpPQXVYOEpfUVJkdlZTT3pXbGhod0hiTDZHQjJSa1BoSVpXSkJZTUdVS29RT2J1S2xPNnkwSjBGWHhrU1cwZ1p0a2ZaYzczdkM4?oc=5,"Mon, 26 May 2025 07:00:00 GMT",-1
"Apple Downgraded by Needham Over AI Risks, Limited iPhone Upgrade Cycle - Bloomberg",https://news.google.com/rss/articles/CBMitAFBVV95cUxQSXFUcVR4cE1NMDFuQkdYS3VCS0NqWVV2a0U2RnA4MElXNWVtM00xd0F0V2tVTmlLbW4wdHRfVXBURVVEcjdIZFdDOGRKc2wtZmJya0gtNW5NMVB5ZDIzU0RLdlczUE5fUkxtRElUTVJVWHh6cXhNTXdFRFNTcU0zNlNCVXhrRWJQeVNEYUV6bWdJSURxZzFKSGZMa2dabXRmdVFkTTBGUS1QUHRDRkpLRUo3VFU?oc=5,"Wed, 04 Jun 2025 07:00:00 GMT",-1
Apple: Be Patient For The Long-Term Prize - Don't Rush Tim Cook (NASDAQ:AAPL) - Seeking Alpha,https://news.google.com/rss/articles/CBMiogFBVV95cUxNNmRCS1FLY0VmNEZuUXg3Mm1hSzM4Nm9KbzRwR21ERklNdVNBa2lWRUJDN08wLVp1WmpjcENoUkxNdDlGSUlEa0FCc04zUFRIRDFPQVhsR2xua3dVX3ZOUFBJVW9mbXZNWjVxVzZJQy1HdXFTWk1pRmlQX2FqTWNVdmVBTjhrV09JbE9IYXN5UlN1TGhzb0JlWUEzcXdHLWh2LWc?oc=5,"Mon, 16 Jun 2025 13:24:00 GMT",-1
"Apple Beat Q2 Expectations, But AAPL Stock Faces Multiple Near-Term Headwinds - MSN",https://news.google.com/rss/articles/CBMi7AFBVV95cUxNTDFBZEpDc2VMaldZUjE5QmViX2xlOGVMbzVSSFdadFVybk1lTDdaSnBwZHZtZVdHeXJMTWhkZnp5VTMwYXdsV2hnck1DNXJ2Nk8tOG9PODcwWTlsanJHSmh4WVRQMVUtaW5NLS1POTZMQ2xJM1pabUk3dnNjVG8yZGVMemRkVjdxMjhEczY4eW1idUpOYjEwYmJERFpaVGxJNGNoWDFxaFB1UVlSbkg2YlpRalFLSm5MSzJKNm5ua3dPbG9venFrUzR3S2lYTHNrZDRJbjhyRFBGTUtxejRmNTlYcTdkZ09pX2ltRQ?oc=5,"Fri, 02 May 2025 14:59:16 GMT",-1
Apple (AAPL) Stock: More Downside or Massive Buying Opportunity? - Money Morning,https://news.google.com/rss/articles/CBMingFBVV95cUxNZDJTTFVRX1JkYlJhTE9wQ01Ub21NUmc2SkhrbUoxLUVnTU8wVTNaX212U2N6QWZoLVBsQjJ2LUZQVnEtVUVJdkh0UmxlcUQ4THh4RHc1dWlXMVRyZlVOMjh1MzdXb0I1djRDNDlHUzFaNlM1Yzl1Wkt3RzB3WkFhc2ZCVXpZRF9GMGFvVU44MXRhbGk4UmtDY2RrODRBd9IBowFBVV95cUxNNXl3T2tEQWdZMlhXWGN2Y2lVLVU1M3hnaEpubWRTbmRlVFRzM1dzMTNOU3ctc0ZPM0hKT2FXS2tkNm5IUDF2YXhJM0pWRTZuazZGS1h3anpQcjlLWF83Z0prZk8zcGpyeE1QX3VOOWxRb2VNOVpnOXdxZUtDWDNKNk1SVUd2YzJfZjY1ZGtGbG13WWktQVFGWGdnclJxTmFDZm0w?oc=5,"Mon, 07 Apr 2025 07:00:00 GMT",-1
Is Apple Inc. (AAPL) the Best Metaverse Stock to Invest in? - Yahoo Finance,https://news.google.com/rss/articles/CBMigAFBVV95cUxNbkVScUlSdzhuRlB1VUdzbDBHd0hLREQwdVlwcV94cXc0SDBGYmhaNmQ3ci10UGlSelo0eDU0QS12N0hjQ0NoTWlyWnZzcHJhT0pzX3NJMkhmdjMxckMxU25rR0dDSG5GZG42dXo3T1QybmxVV09ZbEhsLXBWZi1tQg?oc=5,"Fri, 18 Apr 2025 07:00:00 GMT",1
Is Apple Inc. (AAPL) the Worst Blue Chip Stock to Buy? - Yahoo Finance,https://news.google.com/rss/articles/CBMie0FVX3lxTE8taGhicmlUOXZ2TVBlRlg5SFh0R2w0TlNyRG5oLThjMzhHMkRaZTAyYVBka3hmMWpHTWxMNF9ZWk9hNFVaUjdnUlRDa0h2M18yYVFYeWdzbXhKc2lYS19tbmxrRG4yaEx2ZDVXemNtOFktMzlNUV9LSWxDRQ?oc=5,"Sat, 10 May 2025 07:00:00 GMT",-1
Is Apple Inc. (AAPL) the Best NASDAQ Stock to Buy According to Billionaires? - Yahoo Finance,https://news.google.com/rss/articles/CBMifEFVX3lxTE5RR193akVVUmRLQjF5UFlKNzV4TXR1TFcwR2hSNFZkSjFJbjYteFlHMVVzODJZMmhOa0haNXdVNk81UVpLNTRtdE45aDMtZnk4QmVZQWY3U3k0TVlTb3JGOU0xZmpMWlRBSlpvN1cyVGZ3N3k1M2NPZGhzWXM?oc=5,"Fri, 02 May 2025 07:00:00 GMT",1
Is Apple Inc. (NASDAQ:AAPL) the Best Tech Stock to Buy For Long-Term Investment? - Yahoo Finance,https://news.google.com/rss/articles/CBMifEFVX3lxTE5INlM5aHRlSWdyd3lxTW5qUW5zUXl4anY5T1V4TURtRXQzTVV0dGphSHZEdTVhcHB5Szk4R0pOcnJRZmpqcU1POEFGcndlTURjank5cXdLVy1XX1M5cmFKdGlwc0R4UmFGSllJMVlaRzAyV1RIWEw2N0o2Tm8?oc=5,"Sat, 12 Apr 2025 07:00:00 GMT",1
Fund Update: Intermede Investment Partners Ltd opened a $236.4M position in $AAPL stock - Nasdaq,https://news.google.com/rss/articles/CBMirwFBVV95cUxPUE02WjdEUDhjMllGai1LTUMzRVMweW5tX2JqWDZnRGJHRmtCVDBoajBvV2xMbWttUVNxRnBCMmpnYWpibW9HYVpubkhCTDRpdE9QOG5wdGpvdnFybVprWVBSNDhfMGc2U2pnUU5KODJ6RURnX3RBZXlLSnZGQ3VVa0xhRTh2dkpEQ3NIMWpILWtNVXNKNGFISThvSGdZTms0QS05MUtjRGhsSkIwSGpJ?oc=5,"Thu, 15 May 2025 07:00:00 GMT",-1
Apple Earnings in Focus! Can AAPL Stock Withstand the Tariff Storm? - TipRanks,https://news.google.com/rss/articles/CBMimwFBVV95cUxOZzlGcnA4SDc5c2VEbjg3eXFwX3YzSW5HcFZvWm9qcjZmQ3NmZlFGa0VpR3Zxb3dieDNNbUY5N0puYUpNSDNyMmppVHB6dHhYa1Bzd0tiU3g0UGRDTGMycjM3T29lcm5Tenk1MXgwWE5PTmNMLW9RWjc3Q0xsZGRIZjN6aHdqc2hWVmp6T28yb19jczVYeHE0SzVWTQ?oc=5,"Fri, 25 Apr 2025 07:00:00 GMT",-1
Analysts Slash Apple Stock (AAPL) Forecasts as Tariff Fears Mount - TipRanks,https://news.google.com/rss/articles/CBMimAFBVV95cUxOTnViZV9rYXlpc3RHcXhHQjJxR1oxeWxUQkpLVVEzdkpVaGxxWms0Tmtad2tudkp4dVlCX2J3ajNJN0JDMHJXeF8weDlBenRSa1MtMnFuRHNLN1RmbWZGaHk1LXhkNmx0Sy1uYjQ4ZW5jOGJGaXFYWExOV0M2RE4yR29Nbk10VWp0c3A5VVdSelQtQzhtVWpzZg?oc=5,"Fri, 18 Apr 2025 14:02:08 GMT",-1
Well-Known Analyst Says Apple Inc. (AAPL) Is Enjoying a “Dream Scenario” - Yahoo Finance,https://news.google.com/rss/articles/CBMigAFBVV95cUxPMndRVDRqTWZraU1ZTi11aWhrR091YUhEaHQxUlZRRzFfZVZUak4zOXd5V09ralZaZ1ZpaWNjYjFObmVtMXVyRjN6bW1ac3YwZlZvdHZJbUlrLUh4bi1ZSXp6UGJIMnVfb0JnNzZ2VEJGS29rZXU3NzZ1NGRRbEVnUA?oc=5,"Tue, 20 May 2025 07:00:00 GMT",1
Apple Stock (AAPL) Catches an Upgrade Heading into Earnings - TipRanks,https://news.google.com/rss/articles/CBMikAFBVV95cUxNUkVXU0dKZWhLUHhGeFRCajFUR0x3REdTM2pUUWxWY3h5ZFg2VEUtZDNCRVh4YlBEYzZUVkRiSXFnMTJkSVA4S0swaEprZ0gtZUtBb0FKeGRrRUM5OFRJM3FIZngySDR6MHltRFRFZk9BUzhzLTk2NUxIWlplUXJ6cTRfaV9xNXNEeTFNbHA4cXQ?oc=5,"Tue, 29 Apr 2025 07:00:00 GMT",-1
Analysts See Limited Upside in Apple Stock (AAPL) Due to Multiple Headwinds - The Globe and Mail,https://news.google.com/rss/articles/CBMi8AFBVV95cUxOejh4bHMwcGs1MnN2WXc0b2pGRHdOdW80Y0Vkbm9SelNQTWt6dWZmVHhyZEk4eWtMZHdOdGMwOWh0NU9zZmN5RlVWbzV2cmp5dWRNUFppbWxmNlRaQ2NPeUtPOGZjSkFKTkpLeGs3a05WZHN2S3pkeDZiWnFjQkszMmpEV0xRU0xPV3F5bTVjVmFDdlpYRExLSW1wWnRKZ1JnMk01TU45X0ItYVAwQjlwOTlpYjExM01IWVVmREZqd0VCTDdpUGRYM1l6amZZeG5rREpycDJUdU1PM0NZaDVVbFBZWUV4Mk5HR0czZWFpbmU?oc=5,"Wed, 21 May 2025 07:00:00 GMT",-1
Apple (NASDAQ: AAPL) Stock Price Prediction and Forecast 2025-2030 (June 2025) - 24/7 Wall St.,https://news.google.com/rss/articles/CBMinwFBVV95cUxQSWxuQ2lTVHdUSlJvbWkzYXNOdXRzRnhPaktISUVpal85N0Z6ZHVVS1FNZ1FFaXd4V0N0dnNOOW1xMEFBbGlmRFBHdG9pODJiekVsNE1WaEZOdTRGcVNwRUpiNUNXcjhodFdQclhta3ZwQzd6S1U3T0t6SzF0ajRSSHNyTW85U25IWFlFSjNOZEFhVE1xbzVubFlmQzloNzQ?oc=5,"Fri, 06 Jun 2025 07:00:00 GMT",-1
Apple’s Smartwatch Sales Are Plunging. Should You Sell AAPL Stock? - Barchart.com,https://news.google.com/rss/articles/CBMirAFBVV95cUxNb2toMVVhNXN3MWhvMlBpeWRVTjlQWnNrVTRJLXFRaG14TmlHSkJwSUw0bWhsYXVrcUpsODVNbnQ1V1JhWWZkbm1fVVVRVW5LOFFfaGx5Vy15cjB2eHdoTktsZkZHVTRNdnpHX1NKRGMzQ3Z1ODR5TmkxTEZkQ3g4WGswcExEMGQySnhFTXZhQ20zQ1k5ZzdSbkJ6TkVDbTFHNi1jN0VMQmJFYldy?oc=5,"Sun, 11 May 2025 07:00:00 GMT",1
Is Apple Inc. (AAPL)the Top Tech Stock to Buy According to Billionaire Ken Fisher? - Yahoo Finance,https://news.google.com/rss/articles/CBMieEFVX3lxTE9ncnlMa3p4TE0wakJ3ZTdrbm1ETUVzUmJjV3piTDJwN1BmWFFuMnZQZXBwTVptLVA5eUJ4ZkFySHRSYTdiLTNfQ2t0WkZHYktsNE45ZEpOYzl0WTN4SUpxM2Y5RC01MS1IVWhralgxTzBtX2JQRVJyRw?oc=5,"Fri, 11 Apr 2025 07:00:00 GMT",1
